[
    {
        "User": "SYSTEM"
    },
    {
        "Passwords": [
            [
                {
                    "Category": "Firefox"
                },
                [
                    {
                        "Create_time": "2016-10-04 11:35:37",
                        "Login": "test5",
                        "Password": "123",
                        "URL": "http://syn.ccae.net.cn"
                    },
                    {
                        "Create_time": "2018-09-30 15:52:48",
                        "Login": "anywgchao@gmail.com",
                        "Password": "anysdds@$",
                        "URL": "https://passport.aliyun.com"
                    }
                ]
            ],
            [
                {
                    "Category": "Google chrome"
                },
                [
                    {
                        "Create_time": "2018-09-30 08:54:33",
                        "Login": "anywgchao@gmail.com",
                        "Password": "anywsdsdsd#@$",
                        "URL": "https://passport.aliyun.com/mini_login.htm"
                    }
                ]
            ],
            [
                {
                    "Category": "Uc browser"
                },
                [
                    {
                        "Create_time": "2018-10-29 07:53:13",
                        "Login": "anywgchao",
                        "Password": "wasdss25",
                        "URL": "https://pan.baidu.com/"
                    }
                ]
            ],
            [
                {
                    "Category": "360chrome"
                },
                [
                    {
                        "Create_time": "1601-01-01 00:25:38",
                        "Login": "anywgchao",
                        "Password": "wasddsss25",
                        "URL": "https://pan.baidu.com/"
                    }
                ]
            ]
        ],
        "User": "shutup"
    }
]
