[
    {
        "User": "SYSTEM"
    },
    {
        "Passwords": [
            [
                {
                    "Category": "Squirrel"
                },
                [
                    {
                        "Login": "root",
                        "Name": "mysql",
                        "Password": "root",
                        "URL": "jdbc:mysql://192.168.10.3:3306/db1"
                    }
                ]
            ],
            [
                {
                    "Category": "Robomongo"
                },
                [
                    {
                        "AuthMechanism": "SCRAM-SHA-1",
                        "AuthMode": "CREDENTIALS",
                        "DatabaseName": "admin",
                        "Host": "192.168.10.3",
                        "Login": "admin",
                        "Name": "my-test",
                        "Password": "admin",
                        "Port": 27017
                    },
                    {
                        "AuthMechanism": "SCRAM-SHA-1",
                        "AuthMode": "CREDENTIALS",
                        "DatabaseName": "admin",
                        "Host": "127.0.0.1",
                        "Login": "admin2",
                        "Name": "my-test2",
                        "Password": "admin2",
                        "Port": 27017
                    }
                ]
            ]
        ],
        "User": "shutup"
    }
]
